eid,error,message
2-s2.0-85113352286,HTTP 401,"{""service-error"":{""status"":{""statusCode"":""AUTHORIZATION_ERROR"",""statusText"":""The requestor is not authorized to access the requested view or fields of the resource""}}}"
2-s2.0-85203420319,HTTP 401,"{""service-error"":{""status"":{""statusCode"":""AUTHORIZATION_ERROR"",""statusText"":""The requestor is not authorized to access the requested view or fields of the resource""}}}"
2-s2.0-85211931135,HTTP 401,"{""service-error"":{""status"":{""statusCode"":""AUTHORIZATION_ERROR"",""statusText"":""The requestor is not authorized to access the requested view or fields of the resource""}}}"
2-s2.0-85130609614,HTTP 401,"{""service-error"":{""status"":{""statusCode"":""AUTHORIZATION_ERROR"",""statusText"":""The requestor is not authorized to access the requested view or fields of the resource""}}}"
2-s2.0-85128121072,HTTP 401,"{""service-error"":{""status"":{""statusCode"":""AUTHORIZATION_ERROR"",""statusText"":""The requestor is not authorized to access the requested view or fields of the resource""}}}"
2-s2.0-85133526512,HTTP 401,"{""service-error"":{""status"":{""statusCode"":""AUTHORIZATION_ERROR"",""statusText"":""The requestor is not authorized to access the requested view or fields of the resource""}}}"
2-s2.0-85175220851,HTTP 401,"{""service-error"":{""status"":{""statusCode"":""AUTHORIZATION_ERROR"",""statusText"":""The requestor is not authorized to access the requested view or fields of the resource""}}}"
2-s2.0-85130642366,HTTP 401,"{""service-error"":{""status"":{""statusCode"":""AUTHORIZATION_ERROR"",""statusText"":""The requestor is not authorized to access the requested view or fields of the resource""}}}"
2-s2.0-85110518200,HTTP 401,"{""service-error"":{""status"":{""statusCode"":""AUTHORIZATION_ERROR"",""statusText"":""The requestor is not authorized to access the requested view or fields of the resource""}}}"
2-s2.0-85133274201,HTTP 401,"{""service-error"":{""status"":{""statusCode"":""AUTHORIZATION_ERROR"",""statusText"":""The requestor is not authorized to access the requested view or fields of the resource""}}}"
2-s2.0-85110687679,HTTP 401,"{""service-error"":{""status"":{""statusCode"":""AUTHORIZATION_ERROR"",""statusText"":""The requestor is not authorized to access the requested view or fields of the resource""}}}"
2-s2.0-85139571680,HTTP 401,"{""service-error"":{""status"":{""statusCode"":""AUTHORIZATION_ERROR"",""statusText"":""The requestor is not authorized to access the requested view or fields of the resource""}}}"
2-s2.0-85143180974,HTTP 401,"{""service-error"":{""status"":{""statusCode"":""AUTHORIZATION_ERROR"",""statusText"":""The requestor is not authorized to access the requested view or fields of the resource""}}}"
2-s2.0-85160230430,HTTP 401,"{""service-error"":{""status"":{""statusCode"":""AUTHORIZATION_ERROR"",""statusText"":""The requestor is not authorized to access the requested view or fields of the resource""}}}"
2-s2.0-85146192973,HTTP 401,"{""service-error"":{""status"":{""statusCode"":""AUTHORIZATION_ERROR"",""statusText"":""The requestor is not authorized to access the requested view or fields of the resource""}}}"
2-s2.0-85159783694,HTTP 401,"{""service-error"":{""status"":{""statusCode"":""AUTHORIZATION_ERROR"",""statusText"":""The requestor is not authorized to access the requested view or fields of the resource""}}}"
2-s2.0-85120075083,HTTP 401,"{""service-error"":{""status"":{""statusCode"":""AUTHORIZATION_ERROR"",""statusText"":""The requestor is not authorized to access the requested view or fields of the resource""}}}"
2-s2.0-85150390319,HTTP 401,"{""service-error"":{""status"":{""statusCode"":""AUTHORIZATION_ERROR"",""statusText"":""The requestor is not authorized to access the requested view or fields of the resource""}}}"
2-s2.0-85166415907,HTTP 401,"{""service-error"":{""status"":{""statusCode"":""AUTHORIZATION_ERROR"",""statusText"":""The requestor is not authorized to access the requested view or fields of the resource""}}}"
2-s2.0-85166783883,HTTP 401,"{""service-error"":{""status"":{""statusCode"":""AUTHORIZATION_ERROR"",""statusText"":""The requestor is not authorized to access the requested view or fields of the resource""}}}"
2-s2.0-85122831730,HTTP 401,"{""service-error"":{""status"":{""statusCode"":""AUTHORIZATION_ERROR"",""statusText"":""The requestor is not authorized to access the requested view or fields of the resource""}}}"
2-s2.0-85105767840,HTTP 401,"{""service-error"":{""status"":{""statusCode"":""AUTHORIZATION_ERROR"",""statusText"":""The requestor is not authorized to access the requested view or fields of the resource""}}}"
2-s2.0-85099565948,HTTP 401,"{""service-error"":{""status"":{""statusCode"":""AUTHORIZATION_ERROR"",""statusText"":""The requestor is not authorized to access the requested view or fields of the resource""}}}"
2-s2.0-85115926183,HTTP 401,"{""service-error"":{""status"":{""statusCode"":""AUTHORIZATION_ERROR"",""statusText"":""The requestor is not authorized to access the requested view or fields of the resource""}}}"
2-s2.0-85205298178,HTTP 401,"{""service-error"":{""status"":{""statusCode"":""AUTHORIZATION_ERROR"",""statusText"":""The requestor is not authorized to access the requested view or fields of the resource""}}}"
2-s2.0-85101483257,Exception,"('Connection aborted.', ConnectionResetError(104, 'Connection reset by peer'))"
2-s2.0-85099417722,HTTP 401,"{""service-error"":{""status"":{""statusCode"":""AUTHORIZATION_ERROR"",""statusText"":""The requestor is not authorized to access the requested view or fields of the resource""}}}"
2-s2.0-85099409024,HTTP 401,"{""service-error"":{""status"":{""statusCode"":""AUTHORIZATION_ERROR"",""statusText"":""The requestor is not authorized to access the requested view or fields of the resource""}}}"
2-s2.0-105004352464,HTTP 401,"{""service-error"":{""status"":{""statusCode"":""AUTHORIZATION_ERROR"",""statusText"":""The requestor is not authorized to access the requested view or fields of the resource""}}}"
2-s2.0-85198292021,HTTP 401,"{""service-error"":{""status"":{""statusCode"":""AUTHORIZATION_ERROR"",""statusText"":""The requestor is not authorized to access the requested view or fields of the resource""}}}"
2-s2.0-85204191424,HTTP 401,"{""service-error"":{""status"":{""statusCode"":""AUTHORIZATION_ERROR"",""statusText"":""The requestor is not authorized to access the requested view or fields of the resource""}}}"
2-s2.0-85147047824,HTTP 401,"{""service-error"":{""status"":{""statusCode"":""AUTHORIZATION_ERROR"",""statusText"":""The requestor is not authorized to access the requested view or fields of the resource""}}}"
2-s2.0-85145562188,HTTP 401,"{""service-error"":{""status"":{""statusCode"":""AUTHORIZATION_ERROR"",""statusText"":""The requestor is not authorized to access the requested view or fields of the resource""}}}"
2-s2.0-85143645337,HTTP 401,"{""service-error"":{""status"":{""statusCode"":""AUTHORIZATION_ERROR"",""statusText"":""The requestor is not authorized to access the requested view or fields of the resource""}}}"
2-s2.0-85139738916,HTTP 401,"{""service-error"":{""status"":{""statusCode"":""AUTHORIZATION_ERROR"",""statusText"":""The requestor is not authorized to access the requested view or fields of the resource""}}}"
2-s2.0-85195534060,HTTP 401,"{""service-error"":{""status"":{""statusCode"":""AUTHORIZATION_ERROR"",""statusText"":""The requestor is not authorized to access the requested view or fields of the resource""}}}"
2-s2.0-85205438678,HTTP 401,"{""service-error"":{""status"":{""statusCode"":""AUTHORIZATION_ERROR"",""statusText"":""The requestor is not authorized to access the requested view or fields of the resource""}}}"
2-s2.0-85161193713,HTTP 401,"{""service-error"":{""status"":{""statusCode"":""AUTHORIZATION_ERROR"",""statusText"":""The requestor is not authorized to access the requested view or fields of the resource""}}}"
2-s2.0-85168162268,HTTP 401,"{""service-error"":{""status"":{""statusCode"":""AUTHORIZATION_ERROR"",""statusText"":""The requestor is not authorized to access the requested view or fields of the resource""}}}"
2-s2.0-85156169275,HTTP 401,"{""service-error"":{""status"":{""statusCode"":""AUTHORIZATION_ERROR"",""statusText"":""The requestor is not authorized to access the requested view or fields of the resource""}}}"
2-s2.0-105004032689,HTTP 401,"{""service-error"":{""status"":{""statusCode"":""AUTHORIZATION_ERROR"",""statusText"":""The requestor is not authorized to access the requested view or fields of the resource""}}}"
2-s2.0-105003919850,HTTP 401,"{""service-error"":{""status"":{""statusCode"":""AUTHORIZATION_ERROR"",""statusText"":""The requestor is not authorized to access the requested view or fields of the resource""}}}"
2-s2.0-105006819186,HTTP 401,"{""service-error"":{""status"":{""statusCode"":""AUTHORIZATION_ERROR"",""statusText"":""The requestor is not authorized to access the requested view or fields of the resource""}}}"
2-s2.0-105007322937,HTTP 401,"{""service-error"":{""status"":{""statusCode"":""AUTHORIZATION_ERROR"",""statusText"":""The requestor is not authorized to access the requested view or fields of the resource""}}}"
2-s2.0-85187786751,HTTP 401,"{""service-error"":{""status"":{""statusCode"":""AUTHORIZATION_ERROR"",""statusText"":""The requestor is not authorized to access the requested view or fields of the resource""}}}"
2-s2.0-85185614467,HTTP 401,"{""service-error"":{""status"":{""statusCode"":""AUTHORIZATION_ERROR"",""statusText"":""The requestor is not authorized to access the requested view or fields of the resource""}}}"
2-s2.0-85169404002,HTTP 401,"{""service-error"":{""status"":{""statusCode"":""AUTHORIZATION_ERROR"",""statusText"":""The requestor is not authorized to access the requested view or fields of the resource""}}}"
2-s2.0-85109674505,HTTP 401,"{""service-error"":{""status"":{""statusCode"":""AUTHORIZATION_ERROR"",""statusText"":""The requestor is not authorized to access the requested view or fields of the resource""}}}"
2-s2.0-85099243840,HTTP 401,"{""service-error"":{""status"":{""statusCode"":""AUTHORIZATION_ERROR"",""statusText"":""The requestor is not authorized to access the requested view or fields of the resource""}}}"
2-s2.0-85142443861,HTTP 401,"{""service-error"":{""status"":{""statusCode"":""AUTHORIZATION_ERROR"",""statusText"":""The requestor is not authorized to access the requested view or fields of the resource""}}}"
2-s2.0-85196261131,HTTP 401,"{""service-error"":{""status"":{""statusCode"":""AUTHORIZATION_ERROR"",""statusText"":""The requestor is not authorized to access the requested view or fields of the resource""}}}"
2-s2.0-85135369688,HTTP 401,"{""service-error"":{""status"":{""statusCode"":""AUTHORIZATION_ERROR"",""statusText"":""The requestor is not authorized to access the requested view or fields of the resource""}}}"
2-s2.0-105004848231,HTTP 401,"{""service-error"":{""status"":{""statusCode"":""AUTHORIZATION_ERROR"",""statusText"":""The requestor is not authorized to access the requested view or fields of the resource""}}}"
2-s2.0-85187535519,HTTP 401,"{""service-error"":{""status"":{""statusCode"":""AUTHORIZATION_ERROR"",""statusText"":""The requestor is not authorized to access the requested view or fields of the resource""}}}"
2-s2.0-85179320192,HTTP 401,"{""service-error"":{""status"":{""statusCode"":""AUTHORIZATION_ERROR"",""statusText"":""The requestor is not authorized to access the requested view or fields of the resource""}}}"
2-s2.0-85201491689,HTTP 401,"{""service-error"":{""status"":{""statusCode"":""AUTHORIZATION_ERROR"",""statusText"":""The requestor is not authorized to access the requested view or fields of the resource""}}}"
2-s2.0-85219543611,HTTP 401,"{""service-error"":{""status"":{""statusCode"":""AUTHORIZATION_ERROR"",""statusText"":""The requestor is not authorized to access the requested view or fields of the resource""}}}"
2-s2.0-105007682408,HTTP 401,"{""service-error"":{""status"":{""statusCode"":""AUTHORIZATION_ERROR"",""statusText"":""The requestor is not authorized to access the requested view or fields of the resource""}}}"
2-s2.0-86000695473,HTTP 401,"{""service-error"":{""status"":{""statusCode"":""AUTHORIZATION_ERROR"",""statusText"":""The requestor is not authorized to access the requested view or fields of the resource""}}}"
2-s2.0-85217569562,HTTP 401,"{""service-error"":{""status"":{""statusCode"":""AUTHORIZATION_ERROR"",""statusText"":""The requestor is not authorized to access the requested view or fields of the resource""}}}"
2-s2.0-105002323099,HTTP 401,"{""service-error"":{""status"":{""statusCode"":""AUTHORIZATION_ERROR"",""statusText"":""The requestor is not authorized to access the requested view or fields of the resource""}}}"
2-s2.0-105005965706,HTTP 401,"{""service-error"":{""status"":{""statusCode"":""AUTHORIZATION_ERROR"",""statusText"":""The requestor is not authorized to access the requested view or fields of the resource""}}}"
2-s2.0-85131136695,HTTP 401,"{""service-error"":{""status"":{""statusCode"":""AUTHORIZATION_ERROR"",""statusText"":""The requestor is not authorized to access the requested view or fields of the resource""}}}"
2-s2.0-85182694332,HTTP 401,"{""service-error"":{""status"":{""statusCode"":""AUTHORIZATION_ERROR"",""statusText"":""The requestor is not authorized to access the requested view or fields of the resource""}}}"
2-s2.0-85169019559,HTTP 401,"{""service-error"":{""status"":{""statusCode"":""AUTHORIZATION_ERROR"",""statusText"":""The requestor is not authorized to access the requested view or fields of the resource""}}}"
2-s2.0-85115867159,HTTP 401,"{""service-error"":{""status"":{""statusCode"":""AUTHORIZATION_ERROR"",""statusText"":""The requestor is not authorized to access the requested view or fields of the resource""}}}"
2-s2.0-85099537701,HTTP 401,"{""service-error"":{""status"":{""statusCode"":""AUTHORIZATION_ERROR"",""statusText"":""The requestor is not authorized to access the requested view or fields of the resource""}}}"
2-s2.0-85166668318,HTTP 401,"{""service-error"":{""status"":{""statusCode"":""AUTHORIZATION_ERROR"",""statusText"":""The requestor is not authorized to access the requested view or fields of the resource""}}}"
2-s2.0-85172796584,HTTP 401,"{""service-error"":{""status"":{""statusCode"":""AUTHORIZATION_ERROR"",""statusText"":""The requestor is not authorized to access the requested view or fields of the resource""}}}"
2-s2.0-85129996893,HTTP 401,"{""service-error"":{""status"":{""statusCode"":""AUTHORIZATION_ERROR"",""statusText"":""The requestor is not authorized to access the requested view or fields of the resource""}}}"
2-s2.0-85111711444,HTTP 401,"{""service-error"":{""status"":{""statusCode"":""AUTHORIZATION_ERROR"",""statusText"":""The requestor is not authorized to access the requested view or fields of the resource""}}}"
2-s2.0-85201437404,HTTP 401,"{""service-error"":{""status"":{""statusCode"":""AUTHORIZATION_ERROR"",""statusText"":""The requestor is not authorized to access the requested view or fields of the resource""}}}"
2-s2.0-105000437662,HTTP 401,"{""service-error"":{""status"":{""statusCode"":""AUTHORIZATION_ERROR"",""statusText"":""The requestor is not authorized to access the requested view or fields of the resource""}}}"
2-s2.0-85191003423,HTTP 401,"{""service-error"":{""status"":{""statusCode"":""AUTHORIZATION_ERROR"",""statusText"":""The requestor is not authorized to access the requested view or fields of the resource""}}}"
2-s2.0-85213836403,HTTP 401,"{""service-error"":{""status"":{""statusCode"":""AUTHORIZATION_ERROR"",""statusText"":""The requestor is not authorized to access the requested view or fields of the resource""}}}"
